name,model,rebar_version,engine,engine_version,err,haystack_len,iters,total,median,mad,mean,stddev,min,max
curated/01-literal/sherlock-en,count,0.1.0 (rev 8e952148cc),dotnet/compiled,10.0.6,,929232,13216,1.61s,71.80us,1.20us,75.20us,35.12us,65.70us,1.76ms
curated/01-literal/sherlock-en,count,0.1.0 (rev 8e952148cc),dotnet/nobacktrack,10.0.6,,929232,7294,1.62s,126.00us,900.00ns,136.84us,80.50us,123.40us,2.05ms
curated/01-literal/sherlock-en,count,0.1.0 (rev 8e952148cc),inductorparser,inductorparser-rebar 0.1.0+f015aefd307c322cad1b1ac514a0fa9009788cdc,,929232,4385,1.56s,215.30us,700.00ns,224.22us,44.66us,213.50us,1.35ms
curated/01-literal/sherlock-en,count,0.1.0 (rev 8e952148cc),inductorparser-statemachine,inductorparser-rebar 0.1.0+f015aefd307c322cad1b1ac514a0fa9009788cdc,,929232,8592,1.56s,108.90us,100.00ns,113.08us,35.86us,108.60us,1.41ms
curated/01-literal/sherlock-casei-en,count,0.1.0 (rev 8e952148cc),dotnet/compiled,10.0.6,,929232,11519,1.61s,82.70us,800.00ns,86.29us,29.43us,81.40us,1.60ms
curated/01-literal/sherlock-casei-en,count,0.1.0 (rev 8e952148cc),dotnet/nobacktrack,10.0.6,,929232,6481,1.61s,147.40us,400.00ns,154.04us,59.82us,146.00us,2.17ms
curated/01-literal/sherlock-casei-en,count,0.1.0 (rev 8e952148cc),inductorparser,inductorparser-rebar 0.1.0+f015aefd307c322cad1b1ac514a0fa9009788cdc,,929232,3439,1.56s,272.40us,1.10us,286.29us,74.10us,269.00us,2.19ms
curated/01-literal/sherlock-casei-en,count,0.1.0 (rev 8e952148cc),inductorparser-statemachine,inductorparser-rebar 0.1.0+f015aefd307c322cad1b1ac514a0fa9009788cdc,,929232,5428,1.56s,172.80us,400.00ns,180.18us,57.77us,171.70us,2.15ms
curated/01-literal/sherlock-ru,count,0.1.0 (rev 8e952148cc),dotnet/compiled,10.0.6,,1600556,10828,1.61s,87.10us,100.00ns,91.86us,34.39us,86.70us,1.26ms
curated/01-literal/sherlock-ru,count,0.1.0 (rev 8e952148cc),dotnet/nobacktrack,10.0.6,,1600556,6868,1.61s,137.60us,500.00ns,145.22us,217.99us,134.50us,13.59ms
curated/01-literal/sherlock-ru,count,0.1.0 (rev 8e952148cc),inductorparser,inductorparser-rebar 0.1.0+f015aefd307c322cad1b1ac514a0fa9009788cdc,,1600556,4017,1.56s,238.00us,800.00ns,244.86us,35.49us,235.60us,1.23ms
curated/01-literal/sherlock-ru,count,0.1.0 (rev 8e952148cc),inductorparser-statemachine,inductorparser-rebar 0.1.0+f015aefd307c322cad1b1ac514a0fa9009788cdc,,1600556,7809,1.56s,119.90us,100.00ns,124.24us,37.45us,119.40us,1.54ms
curated/01-literal/sherlock-zh,count,0.1.0 (rev 8e952148cc),dotnet/compiled,10.0.6,,843478,31502,1.61s,30.20us,100.00ns,31.61us,23.52us,30.00us,1.82ms
curated/01-literal/sherlock-zh,count,0.1.0 (rev 8e952148cc),dotnet/nobacktrack,10.0.6,,843478,29610,1.66s,32.40us,100.00ns,33.59us,19.67us,32.00us,1.18ms
curated/01-literal/sherlock-zh,count,0.1.0 (rev 8e952148cc),inductorparser,inductorparser-rebar 0.1.0+f015aefd307c322cad1b1ac514a0fa9009788cdc,,843478,22441,1.57s,39.50us,200.00ns,41.38us,22.77us,39.00us,1.53ms
curated/01-literal/sherlock-zh,count,0.1.0 (rev 8e952148cc),inductorparser-statemachine,inductorparser-rebar 0.1.0+f015aefd307c322cad1b1ac514a0fa9009788cdc,,843478,24800,1.56s,35.80us,0.00ns,37.25us,20.61us,35.60us,1.47ms
curated/02-literal-alternate/sherlock-en,count,0.1.0 (rev 8e952148cc),dotnet/compiled,10.0.6,,929232,3035,1.57s,315.00us,1.40us,329.13us,87.28us,309.40us,2.08ms
curated/02-literal-alternate/sherlock-en,count,0.1.0 (rev 8e952148cc),dotnet/nobacktrack,10.0.6,,929232,2271,1.61s,417.40us,1.40us,440.05us,124.28us,413.80us,3.09ms
curated/02-literal-alternate/sherlock-en,count,0.1.0 (rev 8e952148cc),inductorparser,inductorparser-rebar 0.1.0+f015aefd307c322cad1b1ac514a0fa9009788cdc,,929232,1309,1.56s,723.90us,2.90us,759.24us,110.35us,717.10us,2.14ms
curated/02-literal-alternate/sherlock-en,count,0.1.0 (rev 8e952148cc),inductorparser-statemachine,inductorparser-rebar 0.1.0+f015aefd307c322cad1b1ac514a0fa9009788cdc,,929232,1809,1.56s,527.20us,1.70us,547.75us,99.47us,523.40us,2.20ms
curated/02-literal-alternate/sherlock-casei-en,count,0.1.0 (rev 8e952148cc),dotnet/compiled,10.0.6,,929232,5732,1.61s,161.90us,1.30us,174.12us,91.27us,158.90us,2.86ms
curated/02-literal-alternate/sherlock-casei-en,count,0.1.0 (rev 8e952148cc),dotnet/nobacktrack,10.0.6,,929232,3931,1.61s,245.50us,800.00ns,254.12us,52.31us,243.70us,1.99ms
curated/02-literal-alternate/sherlock-casei-en,count,0.1.0 (rev 8e952148cc),inductorparser,inductorparser-rebar 0.1.0+f015aefd307c322cad1b1ac514a0fa9009788cdc,,929232,200,1.61s,4.67ms,131.15us,5.01ms,746.21us,4.51ms,7.68ms
curated/02-literal-alternate/sherlock-casei-en,count,0.1.0 (rev 8e952148cc),inductorparser-statemachine,inductorparser-rebar 0.1.0+f015aefd307c322cad1b1ac514a0fa9009788cdc,,929232,203,1.57s,4.62ms,71.40us,4.92ms,1.41ms,4.51ms,21.41ms
curated/02-literal-alternate/sherlock-ru,count,0.1.0 (rev 8e952148cc),dotnet/compiled,10.0.6,,1600556,411,1.56s,2.32ms,13.20us,2.43ms,307.74us,2.31ms,5.52ms
curated/02-literal-alternate/sherlock-ru,count,0.1.0 (rev 8e952148cc),dotnet/nobacktrack,10.0.6,,1600556,250,1.61s,3.82ms,37.70us,4.00ms,0.96ms,3.77ms,18.38ms
curated/02-literal-alternate/sherlock-ru,count,0.1.0 (rev 8e952148cc),inductorparser,inductorparser-rebar 0.1.0+f015aefd307c322cad1b1ac514a0fa9009788cdc,,1600556,478,1.61s,2.00ms,13.80us,2.09ms,207.75us,1.98ms,3.73ms
curated/02-literal-alternate/sherlock-ru,count,0.1.0 (rev 8e952148cc),inductorparser-statemachine,inductorparser-rebar 0.1.0+f015aefd307c322cad1b1ac514a0fa9009788cdc,,1600556,531,1.56s,1.79ms,5.90us,1.88ms,232.32us,1.79ms,4.05ms
curated/02-literal-alternate/sherlock-zh,count,0.1.0 (rev 8e952148cc),dotnet/compiled,10.0.6,,843478,17963,1.61s,54.90us,1.10us,55.33us,13.79us,52.50us,684.50us
curated/02-literal-alternate/sherlock-zh,count,0.1.0 (rev 8e952148cc),dotnet/nobacktrack,10.0.6,,843478,15060,1.61s,63.60us,400.00ns,65.83us,27.88us,62.90us,2.82ms
curated/02-literal-alternate/sherlock-zh,count,0.1.0 (rev 8e952148cc),inductorparser,inductorparser-rebar 0.1.0+f015aefd307c322cad1b1ac514a0fa9009788cdc,,843478,10196,1.56s,89.40us,500.00ns,94.56us,33.70us,87.90us,1.55ms
curated/02-literal-alternate/sherlock-zh,count,0.1.0 (rev 8e952148cc),inductorparser-statemachine,inductorparser-rebar 0.1.0+f015aefd307c322cad1b1ac514a0fa9009788cdc,,843478,13829,1.56s,66.30us,100.00ns,68.68us,22.85us,65.90us,1.18ms
curated/03-date/compile-ascii,compile,0.1.0 (rev 8e952148cc),inductorparser,inductorparser-rebar 0.1.0+f015aefd307c322cad1b1ac514a0fa9009788cdc,,,102611,1.56s,4.00us,200.00ns,5.04us,8.66us,3.30us,1.23ms
curated/03-date/compile-ascii,compile,0.1.0 (rev 8e952148cc),inductorparser-statemachine,inductorparser-rebar 0.1.0+f015aefd307c322cad1b1ac514a0fa9009788cdc,,,57597,1.56s,4.00us,200.00ns,6.40us,44.77us,3.40us,2.41ms
curated/04-ruff-noqa/real,grep-captures,0.1.0 (rev 8e952148cc),dotnet/compiled,10.0.6,,32514634,18,1.66s,55.93ms,646.90us,56.05ms,909.04us,54.43ms,57.69ms
curated/04-ruff-noqa/real,grep-captures,0.1.0 (rev 8e952148cc),dotnet/nobacktrack,10.0.6,,32514634,15,1.71s,67.61ms,645.60us,67.63ms,847.30us,65.75ms,68.87ms
curated/04-ruff-noqa/real,grep-captures,0.1.0 (rev 8e952148cc),inductorparser,inductorparser-rebar 0.1.0+f015aefd307c322cad1b1ac514a0fa9009788cdc,,32514634,290,1.66s,3.30ms,41.80us,3.45ms,339.07us,3.25ms,5.45ms
curated/04-ruff-noqa/real,grep-captures,0.1.0 (rev 8e952148cc),inductorparser-statemachine,inductorparser-rebar 0.1.0+f015aefd307c322cad1b1ac514a0fa9009788cdc,,32514634,298,1.66s,3.25ms,30.30us,3.35ms,266.57us,3.20ms,5.14ms
curated/04-ruff-noqa/tweaked,grep-captures,0.1.0 (rev 8e952148cc),dotnet/compiled,10.0.6,,32514634,24,1.66s,42.49ms,425.10us,42.67ms,876.33us,41.57ms,45.47ms
curated/04-ruff-noqa/tweaked,grep-captures,0.1.0 (rev 8e952148cc),dotnet/nobacktrack,10.0.6,,32514634,20,1.71s,51.82ms,0.99ms,52.29ms,1.99ms,50.11ms,58.98ms
curated/04-ruff-noqa/tweaked,grep-captures,0.1.0 (rev 8e952148cc),inductorparser,inductorparser-rebar 0.1.0+f015aefd307c322cad1b1ac514a0fa9009788cdc,,32514634,295,1.66s,3.26ms,35.10us,3.38ms,352.83us,3.20ms,5.80ms
curated/04-ruff-noqa/tweaked,grep-captures,0.1.0 (rev 8e952148cc),inductorparser-statemachine,inductorparser-rebar 0.1.0+f015aefd307c322cad1b1ac514a0fa9009788cdc,,32514634,300,1.66s,3.26ms,34.20us,3.33ms,189.99us,3.19ms,4.55ms
curated/04-ruff-noqa/compile-real,compile,0.1.0 (rev 8e952148cc),dotnet/compiled,10.0.6,,,328,1.56s,82.95us,10.30us,108.91us,216.88us,67.50us,3.33ms
curated/04-ruff-noqa/compile-real,compile,0.1.0 (rev 8e952148cc),dotnet/nobacktrack,10.0.6,,,1833,1.56s,416.00us,49.10us,486.18us,271.82us,297.50us,2.76ms
curated/04-ruff-noqa/compile-real,compile,0.1.0 (rev 8e952148cc),inductorparser,inductorparser-rebar 0.1.0+f015aefd307c322cad1b1ac514a0fa9009788cdc,,,72000,1.57s,7.50us,200.00ns,9.57us,13.20us,6.60us,1.26ms
curated/04-ruff-noqa/compile-real,compile,0.1.0 (rev 8e952148cc),inductorparser-statemachine,inductorparser-rebar 0.1.0+f015aefd307c322cad1b1ac514a0fa9009788cdc,,,46788,1.57s,7.90us,300.00ns,11.50us,48.08us,6.70us,1.76ms
curated/06-cloud-flare-redos/original,count-spans,0.1.0 (rev 8e952148cc),dotnet/compiled,10.0.6,,107,784272,2.45s,1.10us,0.00ns,1.19us,3.97us,1.00us,1.69ms
curated/06-cloud-flare-redos/original,count-spans,0.1.0 (rev 8e952148cc),dotnet/nobacktrack,10.0.6,,107,1000000,2.46s,800.00ns,0.00ns,762.00ns,1.81us,600.00ns,857.00us
curated/06-cloud-flare-redos/original,count-spans,0.1.0 (rev 8e952148cc),inductorparser,inductorparser-rebar 0.1.0+f015aefd307c322cad1b1ac514a0fa9009788cdc,,107,96180,1.57s,7.10us,100.00ns,7.67us,38.53us,6.60us,11.63ms
curated/06-cloud-flare-redos/original,count-spans,0.1.0 (rev 8e952148cc),inductorparser-statemachine,inductorparser-rebar 0.1.0+f015aefd307c322cad1b1ac514a0fa9009788cdc,,107,407932,1.58s,1.20us,0.00ns,1.21us,1.57us,1.00us,723.20us
curated/06-cloud-flare-redos/simplified-short,count-spans,0.1.0 (rev 8e952148cc),dotnet/compiled,10.0.6,,102,1000000,1.45s,200.00ns,0.00ns,182.00ns,0.98us,1.00ns,423.00us
curated/06-cloud-flare-redos/simplified-short,count-spans,0.1.0 (rev 8e952148cc),dotnet/nobacktrack,10.0.6,,102,1000000,2.46s,700.00ns,100.00ns,768.00ns,3.64us,600.00ns,1.48ms
curated/06-cloud-flare-redos/simplified-short,count-spans,0.1.0 (rev 8e952148cc),inductorparser,inductorparser-rebar 0.1.0+f015aefd307c322cad1b1ac514a0fa9009788cdc,,102,97865,1.56s,6.40us,100.00ns,6.91us,11.97us,5.90us,1.76ms
curated/06-cloud-flare-redos/simplified-short,count-spans,0.1.0 (rev 8e952148cc),inductorparser-statemachine,inductorparser-rebar 0.1.0+f015aefd307c322cad1b1ac514a0fa9009788cdc,,102,423407,1.58s,1.00us,0.00ns,1.08us,22.66us,900.00ns,14.54ms
curated/06-cloud-flare-redos/simplified-long,count-spans,0.1.0 (rev 8e952148cc),dotnet/compiled,10.0.6,"count mismatch, expected 10000, got 10001",,0,0.00ns,0.00ns,0.00ns,0.00ns,0.00ns,0.00ns,0.00ns
curated/06-cloud-flare-redos/simplified-long,count-spans,0.1.0 (rev 8e952148cc),dotnet/nobacktrack,10.0.6,"count mismatch, expected 10000, got 10001",,0,0.00ns,0.00ns,0.00ns,0.00ns,0.00ns,0.00ns,0.00ns
curated/06-cloud-flare-redos/simplified-long,count-spans,0.1.0 (rev 8e952148cc),inductorparser,inductorparser-rebar 0.1.0+f015aefd307c322cad1b1ac514a0fa9009788cdc,,10002,903,1.56s,617.80us,20.80us,1.10ms,932.72us,587.30us,5.80ms
curated/06-cloud-flare-redos/simplified-long,count-spans,0.1.0 (rev 8e952148cc),inductorparser-statemachine,inductorparser-rebar 0.1.0+f015aefd307c322cad1b1ac514a0fa9009788cdc,,10002,11484,1.56s,79.20us,100.00ns,83.02us,39.47us,78.90us,2.00ms
curated/07-unicode-character-data/parse-line,grep-captures,0.1.0 (rev 8e952148cc),dotnet/compiled,10.0.6,,1948628,56,1.56s,17.66ms,367.30us,17.93ms,1.06ms,17.09ms,23.93ms
curated/07-unicode-character-data/parse-line,grep-captures,0.1.0 (rev 8e952148cc),dotnet/nobacktrack,10.0.6,,1948628,17,1.63s,58.61ms,1.01ms,61.07ms,8.38ms,56.55ms,93.83ms
curated/07-unicode-character-data/parse-line,grep-captures,0.1.0 (rev 8e952148cc),inductorparser,inductorparser-rebar 0.1.0+f015aefd307c322cad1b1ac514a0fa9009788cdc,,1948628,3,2.42s,496.92ms,2.97ms,494.57ms,5.55ms,486.91ms,499.89ms
curated/07-unicode-character-data/parse-line,grep-captures,0.1.0 (rev 8e952148cc),inductorparser-statemachine,inductorparser-rebar 0.1.0+f015aefd307c322cad1b1ac514a0fa9009788cdc,,1948628,18,1.66s,54.98ms,848.85us,55.88ms,2.40ms,53.35ms,61.81ms
curated/07-unicode-character-data/compile,compile,0.1.0 (rev 8e952148cc),dotnet/compiled,10.0.6,,,232,1.56s,104.85us,10.05us,133.06us,232.71us,84.80us,2.76ms
curated/07-unicode-character-data/compile,compile,0.1.0 (rev 8e952148cc),dotnet/nobacktrack,10.0.6,,,3225,1.56s,132.10us,20.60us,218.19us,171.49us,105.10us,1.79ms
curated/07-unicode-character-data/compile,compile,0.1.0 (rev 8e952148cc),inductorparser,inductorparser-rebar 0.1.0+f015aefd307c322cad1b1ac514a0fa9009788cdc,,,34054,1.56s,12.50us,300.00ns,17.69us,17.40us,11.40us,812.30us
curated/07-unicode-character-data/compile,compile,0.1.0 (rev 8e952148cc),inductorparser-statemachine,inductorparser-rebar 0.1.0+f015aefd307c322cad1b1ac514a0fa9009788cdc,,,29438,1.56s,12.80us,300.00ns,19.57us,46.33us,11.70us,1.56ms
curated/08-words/all-english,count-spans,0.1.0 (rev 8e952148cc),dotnet/compiled,10.0.6,,78901,1506,1.56s,644.15us,1.65us,663.49us,88.66us,642.00us,1.85ms
curated/08-words/all-english,count-spans,0.1.0 (rev 8e952148cc),dotnet/nobacktrack,10.0.6,,78901,743,1.61s,1.29ms,3.80us,1.35ms,215.83us,1.28ms,3.89ms
curated/08-words/all-english,count-spans,0.1.0 (rev 8e952148cc),inductorparser,inductorparser-rebar 0.1.0+f015aefd307c322cad1b1ac514a0fa9009788cdc,,78901,125,1.62s,7.44ms,1.19ms,8.05ms,2.32ms,5.55ms,26.28ms
curated/08-words/all-english,count-spans,0.1.0 (rev 8e952148cc),inductorparser-statemachine,inductorparser-rebar 0.1.0+f015aefd307c322cad1b1ac514a0fa9009788cdc,,78901,272,1.56s,3.74ms,529.35us,3.67ms,707.73us,2.73ms,5.86ms
curated/08-words/long-english,count-spans,0.1.0 (rev 8e952148cc),dotnet/compiled,10.0.6,,78901,999,1.56s,0.97ms,1.40us,1.00ms,126.43us,0.96ms,2.42ms
curated/08-words/long-english,count-spans,0.1.0 (rev 8e952148cc),dotnet/nobacktrack,10.0.6,,78901,1762,1.61s,544.30us,6.15us,567.29us,131.83us,521.30us,2.76ms
curated/08-words/long-english,count-spans,0.1.0 (rev 8e952148cc),inductorparser,inductorparser-rebar 0.1.0+f015aefd307c322cad1b1ac514a0fa9009788cdc,,78901,138,1.57s,7.07ms,108.90us,7.25ms,450.20us,6.89ms,10.17ms
curated/08-words/long-english,count-spans,0.1.0 (rev 8e952148cc),inductorparser-statemachine,inductorparser-rebar 0.1.0+f015aefd307c322cad1b1ac514a0fa9009788cdc,,78901,138,1.56s,7.10ms,111.30us,7.28ms,705.85us,6.79ms,14.38ms
curated/09-aws-keys/full,grep-captures,0.1.0 (rev 8e952148cc),dotnet/compiled,10.0.6,,32514634,23,1.66s,43.19ms,1.42ms,44.12ms,2.59ms,41.20ms,52.42ms
curated/09-aws-keys/full,grep-captures,0.1.0 (rev 8e952148cc),inductorparser,inductorparser-rebar 0.1.0+f015aefd307c322cad1b1ac514a0fa9009788cdc,,32514634,136,1.66s,7.17ms,125.40us,7.38ms,502.35us,7.03ms,9.91ms
curated/09-aws-keys/full,grep-captures,0.1.0 (rev 8e952148cc),inductorparser-statemachine,inductorparser-rebar 0.1.0+f015aefd307c322cad1b1ac514a0fa9009788cdc,,32514634,135,1.66s,7.21ms,108.60us,7.40ms,432.87us,7.02ms,10.04ms
curated/09-aws-keys/quick,grep,0.1.0 (rev 8e952148cc),dotnet/compiled,10.0.6,,32514634,17,1.61s,58.65ms,535.00us,59.28ms,1.57ms,57.82ms,64.01ms
curated/09-aws-keys/quick,grep,0.1.0 (rev 8e952148cc),dotnet/nobacktrack,10.0.6,,32514634,28,1.66s,36.18ms,387.55us,36.34ms,1.38ms,35.03ms,42.65ms
curated/09-aws-keys/quick,grep,0.1.0 (rev 8e952148cc),inductorparser,inductorparser-rebar 0.1.0+f015aefd307c322cad1b1ac514a0fa9009788cdc,,32514634,192,1.66s,5.01ms,71.85us,5.20ms,408.94us,4.92ms,7.57ms
curated/09-aws-keys/quick,grep,0.1.0 (rev 8e952148cc),inductorparser-statemachine,inductorparser-rebar 0.1.0+f015aefd307c322cad1b1ac514a0fa9009788cdc,,32514634,190,1.61s,5.10ms,72.00us,5.27ms,395.27us,4.94ms,7.12ms
curated/09-aws-keys/compile-full,compile,0.1.0 (rev 8e952148cc),dotnet/compiled,10.0.6,,,80,1.57s,320.70us,18.50us,406.66us,371.94us,285.00us,2.54ms
curated/09-aws-keys/compile-full,compile,0.1.0 (rev 8e952148cc),inductorparser,inductorparser-rebar 0.1.0+f015aefd307c322cad1b1ac514a0fa9009788cdc,,,38557,1.56s,10.80us,300.00ns,15.97us,15.59us,9.60us,0.98ms
curated/09-aws-keys/compile-full,compile,0.1.0 (rev 8e952148cc),inductorparser-statemachine,inductorparser-rebar 0.1.0+f015aefd307c322cad1b1ac514a0fa9009788cdc,,,24922,1.56s,11.10us,400.00ns,18.84us,37.97us,10.00us,1.09ms
curated/09-aws-keys/compile-quick,compile,0.1.0 (rev 8e952148cc),dotnet/compiled,10.0.6,,,542,1.56s,86.35us,5.85us,108.67us,174.44us,74.30us,2.96ms
curated/09-aws-keys/compile-quick,compile,0.1.0 (rev 8e952148cc),dotnet/nobacktrack,10.0.6,,,2565,1.56s,253.90us,17.40us,272.03us,110.82us,153.60us,1.70ms
curated/09-aws-keys/compile-quick,compile,0.1.0 (rev 8e952148cc),inductorparser,inductorparser-rebar 0.1.0+f015aefd307c322cad1b1ac514a0fa9009788cdc,,,110287,1.56s,3.00us,100.00ns,4.34us,11.13us,2.40us,2.54ms
curated/09-aws-keys/compile-quick,compile,0.1.0 (rev 8e952148cc),inductorparser-statemachine,inductorparser-rebar 0.1.0+f015aefd307c322cad1b1ac514a0fa9009788cdc,,,60288,1.57s,3.10us,100.00ns,6.24us,40.13us,2.50us,1.95ms
curated/10-bounded-repeat/letters-en,count,0.1.0 (rev 8e952148cc),dotnet/compiled,10.0.6,,156522,542,1.56s,1.76ms,3.10us,1.84ms,268.46us,1.72ms,4.55ms
curated/10-bounded-repeat/letters-en,count,0.1.0 (rev 8e952148cc),dotnet/nobacktrack,10.0.6,,156522,773,1.56s,1.24ms,10.20us,1.29ms,198.41us,1.22ms,3.37ms
curated/10-bounded-repeat/letters-en,count,0.1.0 (rev 8e952148cc),inductorparser,inductorparser-rebar 0.1.0+f015aefd307c322cad1b1ac514a0fa9009788cdc,,156522,41,1.61s,23.88ms,589.50us,24.86ms,2.95ms,22.38ms,39.84ms
curated/10-bounded-repeat/letters-en,count,0.1.0 (rev 8e952148cc),inductorparser-statemachine,inductorparser-rebar 0.1.0+f015aefd307c322cad1b1ac514a0fa9009788cdc,,156522,87,1.56s,11.33ms,258.40us,11.49ms,946.67us,10.68ms,18.85ms
curated/10-bounded-repeat/context,count,0.1.0 (rev 8e952148cc),dotnet/compiled,10.0.6,,7384531,15,1.66s,68.43ms,365.70us,68.50ms,928.81us,67.46ms,71.30ms
curated/10-bounded-repeat/context,count,0.1.0 (rev 8e952148cc),dotnet/nobacktrack,10.0.6,,7384531,7,1.76s,157.07ms,2.37ms,157.22ms,2.50ms,154.23ms,161.24ms
curated/10-bounded-repeat/context,count,0.1.0 (rev 8e952148cc),inductorparser,inductorparser-rebar 0.1.0+f015aefd307c322cad1b1ac514a0fa9009788cdc,,7384531,1,5.54s,2.61s,0.00ns,2.61s,0.00ns,2.61s,2.61s
curated/10-bounded-repeat/context,count,0.1.0 (rev 8e952148cc),inductorparser-statemachine,inductorparser-rebar 0.1.0+f015aefd307c322cad1b1ac514a0fa9009788cdc,,7384531,2,2.47s,664.82ms,427.15us,664.82ms,427.15us,664.39ms,665.25ms
curated/10-bounded-repeat/capitals,count,0.1.0 (rev 8e952148cc),dotnet/compiled,10.0.6,,7384531,105,1.61s,9.51ms,336.40us,9.55ms,468.71us,9.08ms,11.82ms
curated/10-bounded-repeat/capitals,count,0.1.0 (rev 8e952148cc),dotnet/nobacktrack,10.0.6,,7384531,49,1.61s,20.59ms,190.00us,20.73ms,588.05us,20.08ms,23.51ms
curated/10-bounded-repeat/capitals,count,0.1.0 (rev 8e952148cc),inductorparser,inductorparser-rebar 0.1.0+f015aefd307c322cad1b1ac514a0fa9009788cdc,,7384531,13,1.71s,81.52ms,705.20us,82.65ms,3.69ms,80.29ms,94.97ms
curated/10-bounded-repeat/capitals,count,0.1.0 (rev 8e952148cc),inductorparser-statemachine,inductorparser-rebar 0.1.0+f015aefd307c322cad1b1ac514a0fa9009788cdc,,7384531,28,1.61s,35.41ms,238.65us,35.80ms,1.37ms,34.82ms,42.32ms
curated/10-bounded-repeat/compile-context,compile,0.1.0 (rev 8e952148cc),dotnet/compiled,10.0.6,,,485,1.56s,65.20us,3.30us,83.51us,148.99us,55.80us,2.46ms
curated/10-bounded-repeat/compile-context,compile,0.1.0 (rev 8e952148cc),dotnet/nobacktrack,10.0.6,,,2017,1.56s,156.70us,16.00us,200.44us,127.56us,131.80us,2.06ms
curated/10-bounded-repeat/compile-context,compile,0.1.0 (rev 8e952148cc),inductorparser,inductorparser-rebar 0.1.0+f015aefd307c322cad1b1ac514a0fa9009788cdc,,,1196,1.56s,358.75us,19.80us,538.41us,356.12us,332.90us,3.98ms
curated/10-bounded-repeat/compile-context,compile,0.1.0 (rev 8e952148cc),inductorparser-statemachine,inductorparser-rebar 0.1.0+f015aefd307c322cad1b1ac514a0fa9009788cdc,,,1271,1.56s,355.30us,12.80us,503.98us,310.46us,334.90us,3.05ms
curated/10-bounded-repeat/compile-capitals,compile,0.1.0 (rev 8e952148cc),dotnet/compiled,10.0.6,,,641,1.56s,41.40us,2.50us,55.19us,137.07us,33.00us,2.60ms
curated/10-bounded-repeat/compile-capitals,compile,0.1.0 (rev 8e952148cc),dotnet/nobacktrack,10.0.6,,,5475,1.56s,40.60us,12.10us,79.23us,95.44us,25.70us,2.71ms
curated/10-bounded-repeat/compile-capitals,compile,0.1.0 (rev 8e952148cc),inductorparser,inductorparser-rebar 0.1.0+f015aefd307c322cad1b1ac514a0fa9009788cdc,,,66762,1.56s,2.90us,100.00ns,4.04us,13.14us,2.40us,3.12ms
curated/10-bounded-repeat/compile-capitals,compile,0.1.0 (rev 8e952148cc),inductorparser-statemachine,inductorparser-rebar 0.1.0+f015aefd307c322cad1b1ac514a0fa9009788cdc,,,71148,1.56s,3.00us,200.00ns,5.70us,44.49us,2.30us,2.26ms
curated/11-unstructured-to-json/extract,grep-captures,0.1.0 (rev 8e952148cc),dotnet/compiled,10.0.6,,24052,21732,1.66s,39.80us,600.00ns,45.82us,42.40us,38.50us,2.29ms
curated/11-unstructured-to-json/extract,grep-captures,0.1.0 (rev 8e952148cc),dotnet/nobacktrack,10.0.6,,24052,1328,1.61s,711.65us,40.15us,752.57us,237.09us,638.00us,6.43ms
curated/11-unstructured-to-json/extract,grep-captures,0.1.0 (rev 8e952148cc),inductorparser,inductorparser-rebar 0.1.0+f015aefd307c322cad1b1ac514a0fa9009788cdc,,24052,254,1.61s,3.86ms,69.15us,3.93ms,181.29us,3.74ms,4.78ms
curated/11-unstructured-to-json/extract,grep-captures,0.1.0 (rev 8e952148cc),inductorparser-statemachine,inductorparser-rebar 0.1.0+f015aefd307c322cad1b1ac514a0fa9009788cdc,,24052,1168,1.61s,831.20us,2.10us,850.86us,79.22us,825.70us,1.93ms
curated/11-unstructured-to-json/compile,compile,0.1.0 (rev 8e952148cc),dotnet/compiled,10.0.6,,,281,1.56s,83.90us,6.40us,110.01us,196.01us,65.70us,2.54ms
curated/11-unstructured-to-json/compile,compile,0.1.0 (rev 8e952148cc),dotnet/nobacktrack,10.0.6,,,308,1.56s,2.07ms,1.34ms,2.87ms,3.21ms,509.00us,20.50ms
curated/11-unstructured-to-json/compile,compile,0.1.0 (rev 8e952148cc),inductorparser,inductorparser-rebar 0.1.0+f015aefd307c322cad1b1ac514a0fa9009788cdc,,,23190,1.62s,10.30us,400.00ns,16.95us,67.45us,9.00us,2.99ms
curated/11-unstructured-to-json/compile,compile,0.1.0 (rev 8e952148cc),inductorparser-statemachine,inductorparser-rebar 0.1.0+f015aefd307c322cad1b1ac514a0fa9009788cdc,,,26748,1.56s,10.50us,300.00ns,18.61us,92.50us,9.30us,6.01ms
curated/12-dictionary/single,count,0.1.0 (rev 8e952148cc),dotnet/compiled,10.0.6,,63606,28,1.67s,37.00ms,2.57ms,36.61ms,3.56ms,30.57ms,43.77ms
curated/12-dictionary/single,count,0.1.0 (rev 8e952148cc),inductorparser,inductorparser-rebar 0.1.0+f015aefd307c322cad1b1ac514a0fa9009788cdc,,63606,7,1.64s,149.69ms,6.22ms,146.13ms,7.76ms,134.45ms,155.91ms
curated/12-dictionary/single,count,0.1.0 (rev 8e952148cc),inductorparser-statemachine,inductorparser-rebar 0.1.0+f015aefd307c322cad1b1ac514a0fa9009788cdc,,63606,7,1.67s,145.54ms,5.36ms,145.93ms,6.04ms,139.18ms,156.31ms
curated/12-dictionary/compile-single,compile,0.1.0 (rev 8e952148cc),dotnet/compiled,10.0.6,,,7,1.68s,30.73ms,1.88ms,32.30ms,8.64ms,16.50ms,44.38ms
curated/12-dictionary/compile-single,compile,0.1.0 (rev 8e952148cc),inductorparser,inductorparser-rebar 0.1.0+f015aefd307c322cad1b1ac514a0fa9009788cdc,,,708,1.57s,889.90us,154.65us,1.28ms,0.98ms,714.70us,7.38ms
curated/12-dictionary/compile-single,compile,0.1.0 (rev 8e952148cc),inductorparser-statemachine,inductorparser-rebar 0.1.0+f015aefd307c322cad1b1ac514a0fa9009788cdc,,,283,1.57s,941.30us,200.60us,1.68ms,1.38ms,723.80us,7.08ms
curated/14-quadratic/1x,count,0.1.0 (rev 8e952148cc),dotnet/compiled,10.0.6,,100,330088,2.14s,2.20us,100.00ns,2.93us,33.19us,2.00us,3.73ms
curated/14-quadratic/1x,count,0.1.0 (rev 8e952148cc),dotnet/nobacktrack,10.0.6,,100,63587,1.72s,12.70us,0.00ns,15.60us,75.34us,12.60us,3.25ms
curated/14-quadratic/1x,count,0.1.0 (rev 8e952148cc),inductorparser,inductorparser-rebar 0.1.0+f015aefd307c322cad1b1ac514a0fa9009788cdc,,100,9999,1.58s,73.30us,400.00ns,94.11us,196.29us,72.30us,5.88ms
curated/14-quadratic/1x,count,0.1.0 (rev 8e952148cc),inductorparser-statemachine,inductorparser-rebar 0.1.0+f015aefd307c322cad1b1ac514a0fa9009788cdc,,100,37581,1.57s,18.70us,100.00ns,22.07us,80.83us,18.50us,3.21ms
curated/14-quadratic/2x,count,0.1.0 (rev 8e952148cc),dotnet/compiled,10.0.6,,200,146613,1.84s,5.20us,100.00ns,6.68us,50.62us,5.00us,6.65ms
curated/14-quadratic/2x,count,0.1.0 (rev 8e952148cc),dotnet/nobacktrack,10.0.6,,200,16858,1.62s,46.90us,900.00ns,58.62us,146.88us,45.90us,4.04ms
curated/14-quadratic/2x,count,0.1.0 (rev 8e952148cc),inductorparser,inductorparser-rebar 0.1.0+f015aefd307c322cad1b1ac514a0fa9009788cdc,,200,2760,1.57s,269.70us,4.00us,353.67us,462.95us,261.50us,10.41ms
curated/14-quadratic/2x,count,0.1.0 (rev 8e952148cc),inductorparser-statemachine,inductorparser-rebar 0.1.0+f015aefd307c322cad1b1ac514a0fa9009788cdc,,200,12697,1.59s,58.40us,200.00ns,73.57us,295.35us,57.90us,23.27ms
curated/14-quadratic/10x,count,0.1.0 (rev 8e952148cc),dotnet/compiled,10.0.6,,1000,11440,1.63s,70.90us,400.00ns,86.88us,171.78us,68.90us,3.24ms
curated/14-quadratic/10x,count,0.1.0 (rev 8e952148cc),dotnet/nobacktrack,10.0.6,,1000,847,1.62s,1.05ms,2.70us,1.18ms,481.79us,1.05ms,4.95ms
curated/14-quadratic/10x,count,0.1.0 (rev 8e952148cc),inductorparser,inductorparser-rebar 0.1.0+f015aefd307c322cad1b1ac514a0fa9009788cdc,,1000,167,1.56s,5.84ms,80.70us,5.98ms,329.81us,5.74ms,7.84ms
curated/14-quadratic/10x,count,0.1.0 (rev 8e952148cc),inductorparser-statemachine,inductorparser-rebar 0.1.0+f015aefd307c322cad1b1ac514a0fa9009788cdc,,1000,781,1.56s,1.13ms,2.00us,1.28ms,697.61us,1.12ms,6.28ms
